"job","firm","functionality","jobtype"
"Senior Consultant | Energy & Natural Resources | Strategic Communications","FTI Consulting","Unknown","Job"
"Internships","Simon-Kucher","Pricing","Internship"
"Senior Analyst","CIL Management Consultants","Strategy","Job"
"Analyst","Enfuse Group","Digital","Job"
"Management Consultants","Collinson Grant","Process Management","Job"
"Business Analyst","Humatica","Data Science","Job"
"Data Engineer","Valcon","Data Science","Job"
"Director - Supply Chain Strategy & Transformation","Capgemini Invent","Strategy","Job"
"Consultants and Senior Consultants","Procura Consulting","Project Management","Job"
"Associate","McKinsey & Company","Strategy","Job"
"Manager - Technology","First Consulting","Mobile & Apps","Job"
"Partner Administrator - Advisory","PwC","Unknown","Job"
"Associate Consultant","Bain & Company","Strategy","Job"
"Principal Consultants","Q5","Strategy","Job"
"","Alvarez & Marsal","Management","Job"
"AWS Principal Architect","PA Consulting","Unknown","Job"
"Sourcing & Commercial Role","Coeus Consulting","Project Management","Job"
"HR Manager","BearingPoint","Human Resources","Job"
"Senior Infrastructure & Cloud Services Advisor","West Monroe","Cloud","Job"
"Data Scientist","Digital Power","Data Science","Job"
"M&A Managing Partner UK","Marktlink","Unknown","Job"
"PH-4804; Test Automation Manager, Python / Azure","B2E Consulting","Unknown","Job"
"PMO Lead","ThreeTwoFour","Project Management","Job"
"Analyst, satellite and space markets","Analysys Mason","Strategy","Job"
"Healthcare consultant","Develop Consulting","Lean & SixSigma","Job"
"Business Development Manager UK","COMATCH","Sales","Job"
"Independent Consultants","Fairgrove Partners","Strategy","Job"
"Senior Strategist","The Upside","Strategy","Job"
"Independent Consultant","dss+","Sustainability","Job"
"Senior 3D/Motion Designer","Yonder Consulting","Marketing","Job"
"Senior Manager - Procurement & Value Creation","H&Z Management Consulting","Project Management","Job"
"Analyst","Change Management Group","Process Management","Job"
"Senior Consultant Asset Management","Sionic","Corporate Finance","Job"
"Director Client Services - Life Sciences","Genioo","Strategy","Job"
"Consultant Roles (at all levels) – IT Advisory","Mason Advisory","Digital","Job"
"Intermediate Quantity Surveyor","Panoptic Consultancy Group","Project Management","Job"
"Consultant Treasury Technology","Zanders","Corporate Finance","Job"
"Senior Business Development Manager","Ayming","Sales","Job"
"Internship / Work Placement","Skarbek Associates","Marketing","Internship"
"Customer Experience Specialist","Digital Power","CRM","Job"
"Business Analyst","McKinsey & Company","Strategy","Job"
"Manager","CIL Management Consultants","Strategy","Job"
"Manufacturing and construction consultant","Develop Consulting","Lean & SixSigma","Job"
"Consultant Business & Technology","First Consulting","Digital","Job"
"Technology and Architecture Roles","Coeus Consulting","Digital","Job"
"Supply Chain Operations Analyst","BearingPoint","Supply Chain","Job"
"Experienced Consultant, Mergers & Acquisitions","West Monroe","Mergers & Acquisitions","Job"
"Marketing Executive","Genioo","Marketing","Job"
"Business Development Manager – R&D Incentives","Ayming","Sales","Job"
"PH-4779; German Speaking PMO Consultant","B2E Consulting","Unknown","Job"
"Associate Consultant","Analysys Mason","Digital","Job"
"Senior Manager Treasury Technology","Zanders","Corporate Finance","Job"
"Manager and Senior Manager","Procura Consulting","Project Management","Job"
"Director, Business Intelligence | Forensic & Litigation Consulting","FTI Consulting","Forensic & Litigation","Job"
"Marketing Executive/Manager","Panoptic Consultancy Group","Marketing","Job"
"Programme Director - Energy & Utilities","Capgemini Invent","Management","Job"
"Consultant","Enfuse Group","Digital","Job"
"Principal Strategist","The Upside","Strategy","Job"
"Workforce Senior Manager - General Fixed Term","PwC","Human Resources","Job"
"Principal consultant","Change Management Group","Strategy","Job"
"Marketing Assistant","ThreeTwoFour","Marketing","Job"
"Consultant Data Governance & Data Quality","Valcon","Data Science","Job"
"Consulting Roles","Q5","Strategy","Job"
"Global Relationship Manager","Sionic","Sales","Job"
"Internship Business Development UK","COMATCH","Sales","Internship"
"GCP Cloud Engineer","PA Consulting","Cloud","Job"
"Consultant","Bain & Company","Strategy","Job"
"Consultant - Procurement & Value Creation","H&Z Management Consulting","Procurement","Job"
"Associate Director","Yonder Consulting","Project Management","Job"
"Cyber Security Consultant - Manager","ThreeTwoFour","Project Management","Job"
"Strategy Director","The Upside","Strategy","Job"
"Contracts Manager","Panoptic Consultancy Group","Project Management","Job"
"Lean consultant","Develop Consulting","Lean & SixSigma","Job"
"Senior Statistical / Data Analyst","Yonder Consulting","Data Science","Job"
"Consultant, Business Intelligence | Forensic & Litigation Consulting","FTI Consulting","Forensic & Litigation","Job"
"Managing Consultant - Networks/Telecoms","PA Consulting","Unknown","Job"
"Generalist role","Coeus Consulting","Strategy","Job"
"Workforce | Diversity & Inclusion - Senior Manager","PwC","Human Resources","Job"
"Managing Director, Mergers & Acquisitions","West Monroe","Mergers & Acquisitions","Job"
"Supply Chain Operations Consultant","BearingPoint","Supply Chain","Job"
"Project Manager - Life Sciences","Genioo","Project Management","Job"
"Senior Consultant - Procurement & Value Creation","H&Z Management Consulting","Project Management","Job"
"RE-4803; Procurement Consultant with SC Clearance","B2E Consulting","Procurement","Job"
"Senior Data Principal","Valcon","Project Management","Job"
"Consultant: Operations Performance","Ayming","Procurement","Job"
"Private Markets Lead - Asset Management","Sionic","Management","Job"
"Director - Digital Factory","Capgemini Invent","Digital","Job"
"Senior Consultant","Enfuse Group","Digital","Job"
"Junior Associate","McKinsey & Company","Strategy","Job"
"Consultant","Change Management Group","Strategy","Job"
"Junior Talent Acquisition Specialist","Zanders","Recruitment","Job"
"Data Analyst","Digital Power","Data Science","Job"
"Senior Consultant - Cyber Security","ThreeTwoFour","Cyber Security","Job"
"Technical Web Analyst","Digital Power","Digital","Job"
"Director - ER&D Strategy & Transformation (Discrete/ Process industries)","Capgemini Invent","Strategy","Job"
"Senior Consultant Treasury Technology","Zanders","Corporate Finance","Job"
"Innovation Consultants: All levels","Ayming","Finance","Job"
"Director, Research Practice","Yonder Consulting","Strategy","Job"
"Workforce - Senior Associate","PwC","Human Resources","Job"
"PH-4762; Senior Project Manager - Sales Expansion, EMEA","B2E Consulting","Sales","Job"
"Business Analytics Engineer","Valcon","Data Science","Job"
"Networks Consultant","PA Consulting","Unknown","Job"
"Salesforce System Administrator","Genioo","Data Science","Job"
"Cyber Security Consultant","BearingPoint","Cyber Security","Job"
"Senior Consultant, Mergers & Acquisitions","West Monroe","Mergers & Acquisitions","Job"
"Transactions Tax, Senior Consultant","FTI Consulting","Management","Job"
"Tax Depreciation, Senior Consultant","FTI Consulting","Finance","Job"
"Workforce | HR Technology - Senior Manager","PwC","Human Resources","Job"
"Business & Technology Consultant","Valcon","Process Management","Job"
"Management Consultants: All levels","Ayming","Change Management","Job"
"Data Engineer","Digital Power","Data Science","Job"
"Senior Project Manager - Life Sciences","Genioo","Project Management","Job"
"Accounts Receivable Specialist","Yonder Consulting","Finance","Job"
"MM-4817; Business Analysts, Fixed Voice IMS & Mobile","B2E Consulting","Mobile & Apps","Job"
"Director - Energy Transition","Capgemini Invent","Unknown","Job"
"Lead Technical Reviewer","PA Consulting","Unknown","Job"
"Cyber Security Analyst","ThreeTwoFour","Risk & Compliance","Job"
"Vice President - Energy Transition","Capgemini Invent","Unknown","Job"
"Identitiy & Access Management Project Manager","ThreeTwoFour","Project Management","Job"
"MM-4797; Data Analyst, S&P","B2E Consulting","Data Science","Job"
"Transactions Tax, Senior Director","FTI Consulting","Unknown","Job"
"Vice President Client Services - Life Sciences","Genioo","Strategy","Job"
"Workforce Executive Search - Specialist","PwC","Human Resources","Job"
"Business Development Director","Yonder Consulting","Sales","Job"
"Senior Python Specialist","Valcon","Software","Job"
"Wireless Technology Intellectual Property (IP) Specialist","PA Consulting","Property Management","Job"
"Associate Director, Research Practice","Yonder Consulting","Strategy","Job"
"GCP Cloud Engineer","PA Consulting","Cloud","Job"
"Senior Director | Industrials & Special Situations | Strategic Communications","FTI Consulting","Unknown","Job"
"Cloud Operating Model - Managing Consultant / Senior Manager (London/Manchester/Glasgow)","Capgemini Invent","Cloud","Job"
"MM-4810; Senior Professional Services / Consultancy Procurement Manager","B2E Consulting","Procurement","Job"
"Consultant Business & Technology","Valcon","Process Management","Job"
"Strategy& - Strategy Senior Associate","PwC","Strategy","Job"
"Operational Technology Cyber Security Expert | Senior Manager | Dublin or Cork","PwC","IT Strategy","Job"
"Senior Director | Analytics | Strategic Communications | London","FTI Consulting","Management","Job"
"Senior DevOps Specialist","Valcon","Software","Job"
"Full Stack Engineer","PA Consulting","Unknown","Job"
"PH-4808; Platform Engineer - AWS & Terraform","B2E Consulting","Unknown","Job"
"Cloud Economics - Managing Consultant / Senior Manager (London/Manchester/Glasgow)","Capgemini Invent","Cloud","Job"
"Associate Director, Consulting Practice","Yonder Consulting","Strategy","Job"
"PH-4806; Senior Back End Developers","B2E Consulting","Unknown","Job"
"Cloud Strategy - Managing Consultant / Senior Manager (London/Manchester/Glasgow)","Capgemini Invent","Strategy","Job"
"Consultant - Valuations, Disputes and Arbitration | Economic and Financial Consulting","FTI Consulting","Unknown","Job"
"Cyber | Incident Response - Senior Manager","PwC","Cyber Security","Job"
"Resource Co-ordinator","PA Consulting","Unknown","Job"
"Deals | Forensic Accounting - Senior Manager","PwC","Forensic & Litigation","Job"
"Solution Architect","PA Consulting","Unknown","Job"
"Consultant / Senior Consultant - DevOps Architect - Business Technology (London/Manchester/Glasgow)","Capgemini Invent","IT Strategy","Job"
"Senior Consultant, Managed Document Review | Technology","FTI Consulting","IT Strategy","Job"
"Sales Director","Capgemini Invent","Sales","Job"
"Manager | Portfolio & Programme Management | Advisory | Dublin/Cork","PwC","Management","Job"
"Senior Consultant I |Regulated Industries & Energy Markets| Economic & Financial Consulting","FTI Consulting","Unknown","Job"
"Third Party Risk Management Consultant","PA Consulting","Management","Job"
"Director, Export Controls & Sanctions | Forensic & Litigation Consulting","FTI Consulting","Forensic & Litigation","Job"
"Digital Workplace - Low Code No Code Consultant (London/Manchester/Glasgow)","Capgemini Invent","Digital","Job"
"GCP-Cloud Architect","PA Consulting","Unknown","Job"
"Cyber Security Consultant | Cyber Consulting | Dublin or Cork","PwC","Cyber Security","Job"
"Technical Support Engineer | Technology","FTI Consulting","IT Strategy","Job"
"Customer Analytics Senior Manager | Advisory | Dublin/Cork","PwC","Data Science","Job"
"Hardware Engineer","PA Consulting","Unknown","Job"
"Azure DevOps Engineer Consultant (London/Manchester/Glasgow)","Capgemini Invent","Software","Job"
"Senior Manager | Operational Excellence | Advisory | Dublin/Cork","PwC","Unknown","Job"
"Cloud Economics - Consultant / Senior Consultant (London/Manchester/Glasgow)","Capgemini Invent","Cloud","Job"
"AWS Alliance Manager","PA Consulting","Unknown","Job"
"Revenue Accountant | Finance & Accounting | Core Operations","FTI Consulting","Finance","Job"
"Senior Revenue Accountant | Finance & Accounting | Core Operations","FTI Consulting","Finance","Job"
"CyberArk Architect - Manager","PwC","Unknown","Job"
"PR Manager","PA Consulting","Unknown","Job"
"Cloud Strategy - Consultant / Senior Consultant (London/Manchester/Glasgow)","Capgemini Invent","Strategy","Job"
"Consultant | Industrials & Special Situations | Strategic Communications","FTI Consulting","Unknown","Job"
"Cloud Operating Model - Consultant / Senior Consultant (London/Manchester/Glasgow)","Capgemini Invent","Cloud","Job"
"Software Engineer - C ++","PA Consulting","Software","Job"
"Supply Chain Manager - Advisory Consulting - Dublin","PwC","Supply Chain","Job"
"Team Assistant | Regional Leads | Core Operations","FTI Consulting","Unknown","Job"
"Cyber | Azure IAM architect - Senior Manager","PwC","Cyber Security","Job"
"Lead Software Engineer","PA Consulting","Software","Job"
"Full Stack Developer Consultant (London/Manchester/Glasgow)","Capgemini Invent","Software","Job"
"SAP Implementation Lead | Senior Manager | Technology Consulting | Advisory | Dublin/Cork","PwC","IT Strategy","Job"
"Consultant - Valuations, Disputes and Arbitration | Energy |Economic and Financial Consulting","FTI Consulting","Management","Job"
"Scrum Master - Consultant - Digital Factory (London/Manchester/Glasgow)","Capgemini Invent","Digital","Job"
"Dynamics 365 CRM Developer","PA Consulting","CRM","Job"
"SAP Solution Architect | Senior Manager | Technology Consulting | Advisory | Dublin/Cork","PwC","IT Strategy","Job"
"AWS Engineer","PA Consulting","Unknown","Job"
"Benefits Advisor | Human Resources | Core Operations","FTI Consulting","Human Resources","Job"
"Finance Transformation - Manager","PwC","Finance","Job"
"Marketing Executive | Forensic & Litigation Consulting","FTI Consulting","Marketing","Job"
"AWS Data Engineer","PA Consulting","Data Science","Job"
"Executive Assistant, Business Transformation, London","FTI Consulting","Unknown","Job"
"Finance Transformation - Senior Associate","PwC","Finance","Job"
"GCP Cloud Architect","PA Consulting","Cloud","Job"
"Senior Support Enginner","PA Consulting","Unknown","Job"
"Director, Managed Document Review | Technology","FTI Consulting","IT Strategy","Job"
"Advisory Senior Manager | Portfolio and Programme Management | Dublin/Cork","PwC","Management","Job"
"EMEA Benefits Manager | Human Resources | Core Operations","FTI Consulting","Human Resources","Job"
"QA Engineer","PA Consulting","Unknown","Job"
"Financial Services Advisory | Senior Associate | Banking (Risk)","PwC","Unknown","Job"
"DevOps Engineer","PA Consulting","Software","Job"
"Senior Consultant, Transaction Advisory Services | Corporate Finance & Restructuring","FTI Consulting","Corporate Finance","Job"
"Financial Services Advisory | Senior Associate | Banking (Digital Banking)","PwC","Unknown","Job"
"Financial Services Advisory | Senior Associate | Banking (Retail Banking Operations)","PwC","Unknown","Job"
"HR Business Partner (15 month FTC maternity cover)","FTI Consulting","Human Resources","Job"
"Lead Software Engineer","PA Consulting","Software","Job"
"Financial Services Advisory | Manager | Banking (Risk)","PwC","Unknown","Job"
"Pre-Sales Application Engineer","PA Consulting","Unknown","Job"
"Senior Director | Sustainability Communications | Strategic Communications | London","FTI Consulting","Unknown","Job"
"Financial Services Advisory | Manager | Banking (Transaction Enablement and Migration)","PwC","Unknown","Job"
"MC - AWS Pre-Sales - Alliance","PA Consulting","Unknown","Job"
"Executive Assistant (9-month Fixed Term Maternity Contract) | Financial & Professional Services | Strategic Communications","FTI Consulting","Management","Job"
"Financial Services Advisory | Manager | Banking (Corporate Banking Operations)","PwC","Unknown","Job"
"Senior Legal Counsel | Legal & Risk | Core Operations","FTI Consulting","Risk & Compliance","Job"
"IT Sourcing Consultant","PA Consulting","Procurement","Job"
"Advisory - Asset & Wealth Management - Senior Manager","PwC","Management","Job"
"MC - Intellectual Property Advisory - Networks","PA Consulting","Property Management","Job"
"Legal Counsel (12 month FTC)| Legal & Risk | Core Operations","FTI Consulting","Risk & Compliance","Job"
"Operational Resilience Consultant - Financial Services","PA Consulting","Unknown","Job"
"Director, Forensic Accounting Advisory Services | Forensic and Litigation Consulting","FTI Consulting","Forensic & Litigation","Job"
"Cloud Security Senior Manager | Cyber Advisory | Dublin or Cork","PwC","Cyber Security","Job"
"Strategy& - Strategy Senior Manager I Dublin","PwC","Strategy","Job"
"Data Privacy Specialist","PA Consulting","Data Science","Job"
"Senior Consultant | Forensic Accounting Advisory Services | Forensic & Litigation Consulting","FTI Consulting","Forensic & Litigation","Job"
"Cloud security Architect","PA Consulting","Cyber Security","Job"
"Financial Services - Advisory | Senior Manager | Dublin or Cork","PwC","Unknown","Job"
"Consultant | Financial Services, Strategic Communications","FTI Consulting","Unknown","Job"
"Director | Financial Services, Strategic Communications","FTI Consulting","Unknown","Job"
"Technical Business Analyst | Senior Associate | Technology Consulting | Advisory Dublin/Cork","PwC","IT Strategy","Job"
